PCA1,PCA2
-0.07433523699769126,0.08079037931364433
-0.13243348206036523,0.018002808540996056
-0.05641548711941081,0.05261999117319929
-0.23494937189591522,-0.18687812082697686
-0.09098322201855083,-0.010588454868699007
-0.04141606998079461,0.14244779148645256
-0.07465569129840065,0.1244434555699958
-0.14149678827335024,0.02696031247390405
-0.14149678827335024,0.02696031247390405
-0.15486215616039492,-0.07737440717307299
-0.14149678827335024,0.02696031247390405
-0.226759182092059,-0.24636015900397296
-0.226759182092059,-0.24636015900397296
-0.11141048518640198,0.037534593568368683
-0.12186370817038669,0.02735009272143793
-0.14149678827335024,0.02696031247390405
-0.14149678827335024,0.02696031247390405
-0.12186370817038669,0.02735009272143793
-0.14149678827335024,0.02696031247390405
-0.12527164100398858,0.06727799516730827
-0.23494937189591522,-0.18687812082697686
-0.1609889057815904,-0.07874801549122755
-0.09558025089265383,0.09786150727770979
-0.1609889057815904,-0.07874801549122755
-0.19805003250190514,-0.19474073403822584
-0.14172155501641245,0.03379967825732141
-0.12186370817038669,0.02735009272143793
-0.14149678827335024,0.02696031247390405
-0.2502120188471918,-0.26486676868236386
-0.0052130652981869,0.13352160009434513
-0.13058379507153567,0.04653244061509985
-0.14149678827335024,0.02696031247390405
-0.03963899044805048,0.05043907457618151
-0.14149678827335024,0.02696031247390405
-0.14149678827335024,0.02696031247390405
-0.23494937189591522,-0.18687812082697686
-0.14149678827335024,0.02696031247390405
-0.226759182092059,-0.24636015900397296
-0.2573932318179623,-0.20768936009249547
-0.14149678827335024,0.02696031247390405
-0.14149678827335024,0.02696031247390405
-0.14149678827335024,0.02696031247390405
-0.1609889057815904,-0.07874801549122755
-0.14885774657344433,-0.20873002364423976
-0.23494937189591522,-0.18687812082697686
-0.12186370817038669,0.02735009272143793
-0.16073530616155493,-0.08513531913019669
-0.2320135028573763,-0.24351252152707825
-0.14149678827335024,0.02696031247390405
-0.15613577416139987,-0.21776770779356774
-0.14149678827335024,0.02696031247390405
-0.13171854060684243,-0.0704468101316882
-0.2502120188471918,-0.26486676868236386
-0.226759182092059,-0.24636015900397296
-0.226759182092059,-0.24636015900397296
-0.1609889057815904,-0.07874801549122755
-0.07322869776414855,0.011982509619403352
-0.2573932318179623,-0.20768936009249547
-0.1609889057815904,-0.07874801549122755
-0.14149678827335024,0.02696031247390405
-0.14149678827335024,0.02696031247390405
-0.04980945775180804,0.12259616165657504
-0.14149678827335024,0.02696031247390405
-0.04980945775180804,0.12259616165657504
-0.008628819057528101,0.09438115980133244
-0.14149678827335024,0.02696031247390405
-0.12186370817038669,0.02735009272143793
-0.2258659860674636,-0.22878477527880212
-0.14149678827335024,0.02696031247390405
-0.04980945775180804,0.12259616165657504
-0.07544287607531451,-0.10235769654858749
-0.06983726043339904,0.0643306198744829
-0.226759182092059,-0.24636015900397296
-0.1470006684732363,0.01236872931657764
-0.14149678827335024,0.02696031247390405
-0.14149678827335024,0.02696031247390405
-0.20356685021635373,-0.2172730184180839
-0.1470006684732363,0.01236872931657764
-0.10808546484469421,0.10315039909811811
-0.12186370817038669,0.02735009272143793
-0.23494937189591522,-0.18687812082697686
-0.12186370817038669,0.02735009272143793
-0.2502120188471918,-0.26486676868236386
-0.2573932318179623,-0.20768936009249547
-0.14149678827335024,0.02696031247390405
-0.12186370817038669,0.02735009272143793
-0.12684209539520544,0.06728748702677385
-0.24088043646449606,-0.18483889624847014
-0.2502120188471918,-0.26486676868236386
-0.14149678827335024,0.02696031247390405
-0.14149678827335024,0.02696031247390405
-0.214839534968775,-0.2950006660802695
-0.226759182092059,-0.24636015900397296
-0.23494937189591522,-0.18687812082697686
-0.226759182092059,-0.24636015900397296
-0.0638551948741813,0.10824812867475335
-0.226759182092059,-0.24636015900397296
-0.03918355617544,0.10040071915216678
-0.08775120395781368,0.11604660050925467
-0.14149678827335024,0.02696031247390405
-0.14724749929817868,-0.2703864864423592
-0.12186370817038669,0.02735009272143793
-0.12593766330987358,0.023955606971836563
-0.14149678827335024,0.02696031247390405
-0.09098322201855083,-0.010588454868699007
-0.14149678827335024,0.02696031247390405
-0.14149678827335024,0.02696031247390405
-0.0227973601330204,0.02193842812746093
-0.226759182092059,-0.24636015900397296
-0.1664780126269461,-0.18840320772928262
-0.12186370817038669,0.02735009272143793
-0.226759182092059,-0.24636015900397296
-0.226759182092059,-0.24636015900397296
-0.11091127586488668,-0.03715139756233543
-0.14149678827335024,0.02696031247390405
-0.14149678827335024,0.02696031247390405
-0.19872313976588768,-0.19270493737033279
-0.226759182092059,-0.24636015900397296
-0.14149678827335024,0.02696031247390405
-0.14149678827335024,0.02696031247390405
-0.226759182092059,-0.24636015900397296
-0.12186370817038669,0.02735009272143793
-0.1470006684732363,0.01236872931657764
-0.13299600126591554,0.011639089928397635
-0.13974710332755785,-0.2733245854006734
-0.13460008539226637,0.022467989376760308
0.018668259601965595,-0.026542256595880793
-0.1609889057815904,-0.07874801549122755
-0.14149678827335024,0.02696031247390405
-0.076780681546827,0.08562358250325099
-0.12595241928523293,0.02740693452339611
-0.172660564960196,-0.20155050182406575
-0.14149678827335024,0.02696031247390405
-0.226759182092059,-0.24636015900397296
-0.2573932318179623,-0.20768936009249547
-0.14149678827335024,0.02696031247390405
-0.1609889057815904,-0.07874801549122755
-0.14149678827335024,0.02696031247390405
-0.038695246390175624,0.14418761171537664
-0.12186370817038669,0.02735009272143793
-0.14149678827335024,0.02696031247390405
-0.23494937189591522,-0.18687812082697686
-0.14149678827335024,0.02696031247390405
-0.13058379507153567,0.04653244061509985
-0.23614591401977408,-0.17326739629488044
-0.23494937189591522,-0.18687812082697686
-0.14000150838946648,0.01567587405970159
-0.13243348206036523,0.01800280854099623
-0.12993369064602855,0.016503182493163987
-0.12584368549382693,-0.06090372026988617
-0.2502120188471918,-0.26486676868236386
-0.0791367071981591,-0.1214883764153564
-0.226759182092059,-0.24636015900397296
-0.12186370817038669,0.02735009272143793
-0.226759182092059,-0.24636015900397296
-0.14084429734001938,-7.538914646030382e-05
-0.0061803706528640555,0.1132864492571759
-0.09758319762043847,-0.12954676599808349
-0.14000150838946648,0.01567587405970159
-0.13404925389740685,-0.036342962233468154
-0.14149678827335024,0.02696031247390405
-0.06209571200757901,0.11613175467517198
-0.14149678827335024,0.02696031247390405
-0.1470006684732363,0.01236872931657764
-0.15613577416139987,-0.21776770779356774
-0.14149678827335024,0.02696031247390405
-0.12186370817038669,0.02735009272143793
-0.12186370817038669,0.02735009272143793
-0.14149678827335024,0.02696031247390405
-0.2573932318179623,-0.20768936009249547
-0.13798086834456635,0.014351593481498247
-0.12186370817038669,0.02735009272143793
-0.06553991329579444,-0.04649114807228636
-0.2502120188471918,-0.26486676868236386
-0.02908500007349418,0.0964401069038008
-0.23494937189591522,-0.18687812082697686
-0.08422684800127994,0.11924129873676834
-0.19872313976588768,-0.19270493737033279
-0.09723513355889181,0.0028015227714585445
-0.14149678827335024,0.02696031247390405
-0.08775120395781368,0.11604660050925467
-0.23494937189591522,-0.18687812082697686
-0.14149678827335024,0.02696031247390405
-0.14149678827335024,0.02696031247390405
-0.1470006684732363,0.01236872931657764
-0.14149678827335024,0.02696031247390405
-0.226759182092059,-0.24636015900397296
-0.14149678827335024,0.02696031247390405
-0.14663806933972134,-0.1092198568197711
-0.23494937189591522,-0.18687812082697686
-0.2502120188471918,-0.26486676868236386
-0.226759182092059,-0.24636015900397296
-0.14149678827335024,0.02696031247390405
-0.12186370817038669,0.02735009272143793
-0.11141048518640198,0.037534593568368683
-0.037457199653183004,0.08218857998986501
-0.0809560098657332,0.04195765063704687
-0.21720037725349875,-0.2052953741494019
-0.14149678827335024,0.02696031247390405
-0.14149678827335024,0.02696031247390405
-0.14149678827335024,0.02696031247390405
-0.14149678827335024,0.02696031247390405
-0.14149678827335024,0.02696031247390405
-0.1470006684732363,0.01236872931657764
-0.19459131109724256,-0.2810603732035272
-0.14149678827335024,0.02696031247390405
-0.14855407699029322,-0.2888043353583229
-0.14149678827335024,0.02696031247390405
-0.060507840861426555,0.057725997777183236
-0.12186370817038669,0.02735009272143793
-0.14149678827335024,0.02696031247390405
-0.2502120188471918,-0.26486676868236386
-0.23494937189591522,-0.18687812082697686
-0.1470006684732363,0.01236872931657764
-0.037081553760834496,-0.09372026614023106
-0.14149678827335024,0.02696031247390405
-0.14149678827335024,0.02696031247390405
-0.10173319267516333,0.01079905094570202
-0.15237186435190012,-0.07978162354910531
-0.0589314888771815,0.08875104516241801
-0.14149678827335024,0.02696031247390405
-0.14149678827335024,0.02696031247390405
-0.226759182092059,-0.24636015900397296
-0.226759182092059,-0.24636015900397296
-0.12186370817038669,0.02735009272143793
-0.14149678827335024,0.02696031247390405
-0.11141048518640198,0.037534593568368683
-0.0556791399039055,0.05971333447021865
-0.14149678827335024,0.02696031247390405
-0.23494937189591522,-0.18687812082697686
-0.14149678827335024,0.02696031247390405
-0.158968644399906,-0.12928040868860025
-0.12186370817038669,0.02735009272143793
-0.226759182092059,-0.24636015900397296
-0.017105591198100036,0.09971212261126002
-0.2258659860674636,-0.22878477527880212
-0.1609889057815904,-0.07874801549122755
-0.2573932318179623,-0.20768936009249547
-0.17797948574350025,-0.23314017954524086
-0.2502120188471918,-0.26486676868236386
-0.14149678827335024,0.02696031247390405
-0.15953143500780734,-0.0715670831181182
-0.14149678827335024,0.02696031247390405
-0.2258659860674636,-0.22878477527880212
-0.23494937189591522,-0.18687812082697686
-0.08335538399029072,0.08853854308518057
-0.2573932318179623,-0.20768936009249547
-0.12186370817038669,0.02735009272143793
-0.2258659860674636,-0.22878477527880212
-0.06182287267079421,0.1181324433369376
0.02685368145084923,0.1270492348636101
-0.08920623656950885,0.13536087889367288
-0.1365895389818299,0.08942731905921589
-0.10882459393123144,0.09766721833211439
-0.07951194038955786,0.06866597125965451
-0.10196484340076822,0.09913062342455639
0.014866631354983605,0.1568742829983313
-0.16630451135378138,0.0204556243146741
-0.1355463754337139,0.05063066523798541
-0.181303613767166,-0.21904362595949733
-0.1967885662468055,-0.23693718174102502
-0.193847025796403,-0.22763122427456944
-0.15943375104600568,-0.030857536418426475
-0.12976259702380666,0.022337862334429304
-0.1508622953027475,-0.24441405995167967
-0.10808546484469421,0.10315039909811811
-0.16875833808616028,-0.2488200937317984
-0.02914257995688871,0.10690455079452707
-0.18952393894515876,-0.20164571484010754
-0.02471989327934423,0.13455299223436545
-0.07098377530988798,0.05488772865492369
-0.0791367071981591,-0.1214883764153564
-0.13243348206036523,0.01800280854099623
0.06921932804728033,0.13807679099012266
-0.12401752692597394,0.05970483252643371
-0.14149678827335024,0.02696031247390405
-0.06384045679934729,0.05564911081224397
-0.017527260011956786,0.15104648082719893
-0.038695246390175624,0.14418761171537664
-0.10673514940272821,-0.02020657869265754
-0.08710315411367331,0.1134397217211256
-0.09467487562627994,0.05715004216355423
0.017839125417922094,0.04483894310586881
-0.07955466094578564,0.11972783421036501
-0.03121556887804024,0.10875336477913657
-0.19299667496597833,-0.2474290153559749
0.10074290128397236,0.15914901594921047
-0.14149678827335024,0.02696031247390405
-0.23033890786051,-0.1498345713873862
0.018234972480315297,0.1749128789636113
-0.02807186670570311,-0.07612408347077909
-0.04477289833248624,0.11009292642374689
0.010221668364109324,0.11361678156853874
-0.10229953830669945,0.11714223370504583
0.03452204750658014,0.09470523234715875
-0.1470006684732363,0.01236872931657764
0.008193949559875102,0.053594336571349044
-0.13253856490947355,0.06563713332389152
-0.03288136392410202,-0.07164215441545557
-0.226759182092059,-0.24636015900397296
-0.13974710332755785,-0.2733245854006734
-0.0628624082586265,0.12111715552987365
-0.10808546484469421,0.10315039909811811
-0.038695246390175624,0.14418761171537664
-0.10264927207710527,0.09661059900557142
-0.12186370817038669,0.02735009272143793
-0.13288614282774172,0.039294725438550386
-0.025175434404766224,0.11074015468421522
-0.0819330413091999,0.12686305113897278
-0.226759182092059,-0.24636015900397296
0.04714153591883357,0.017948658364454837
-0.14149678827335024,0.02696031247390405
-0.18336576805523297,-0.21296595479240915
-0.14149678827335024,0.02696031247390405
-0.1063788426362396,0.05379186569690561
-0.2502120188471918,-0.26486676868236386
-0.13443190919553574,0.05494791977173848
-0.226759182092059,-0.24636015900397296
-0.0746041042107554,0.09002108106305386
-0.14728943035090936,-0.06592454354739428
-0.10953796642037111,0.07405615090294959
-0.15546732607900515,-0.2528160089413242
0.08539841762368983,0.21129926551661007
-0.13969200733942216,0.0634747097840802
0.018841337911770367,0.13462478167566325
0.00040708168825376924,0.08146277696712519
-0.15566367580472967,-0.23765544256271823
-0.14000150838946648,0.01567587405970159
-0.04480873573493752,0.10332940121400265
-0.03446506565194019,0.13857370545232883
-0.12704885672040706,0.09261573828431721
-0.14149678827335024,0.02696031247390405
-0.21238695676517974,-0.13440242657114423
-0.10755669130832812,0.08328882965737876
-0.17139102108288415,-0.22015585193710277
-0.04899712970592949,0.0757124099038686
-0.23494937189591522,-0.18687812082697686
0.06238211345122164,0.13698449867978763
-0.15486215616039492,-0.07737440717307299
-0.06157144983543878,0.18173550122557908
-0.2573932318179623,-0.20768936009249547
-0.1989386140012048,-0.23744485411704755
-0.1481046667490434,0.03698632599423188
-0.010068479627547948,-0.05268174649331473
-0.18336576805523297,-0.21296595479240915
-0.1344131384881762,0.01382183319715257
-0.18336576805523297,-0.21296595479240915
-0.13460008539226637,0.022467989376760308
-0.13058379507153567,0.04653244061509985
-0.14405447723523218,0.04275784449438112
-0.12595241928523293,0.02740693452339611
-0.14149678827335024,0.02696031247390405
0.009167198334833681,-0.08875393421124844
-0.10755669130832812,0.08328882965737876
-0.09900337075367324,0.10775690683212127
0.16666462698686935,0.054388497890909666
-0.11178695118424802,0.06796921896246978
-0.11178695118424802,0.06796921896246978
-0.23494937189591522,-0.18687812082697686
-0.044839679095195185,0.07816969210342027
-0.21343878037618325,-0.23484824109197058
-0.15486215616039492,-0.07737440717307299
-0.1255854689771635,0.07429833693129274
-0.12344472427345332,0.05486627825863486
-0.04362978945559686,0.009667970810631778
-0.2502120188471918,-0.26486676868236386
-0.226759182092059,-0.24636015900397296
-0.1469794448268262,-0.02838430339206417
-0.18087823329033803,-0.23805700097817772
-0.2573932318179623,-0.20768936009249547
-0.0564779914012452,0.08307156706669411
-0.1609889057815904,-0.07874801549122755
0.05891352980759151,0.15411316004933226
0.16987999302563195,0.027047420882942846
-0.18165195400905948,-0.1088970605692692
0.07646824543374459,0.1642013706408754
-0.11447239759606351,0.0890259945216521
-0.018484392395709835,0.15369539860053522
-0.12186370817038669,0.02735009272143793
-0.04949005635528431,0.15625383822728456
-0.14149678827335024,0.02696031247390405
-0.11000535195306876,-0.10077425512376115
-0.12336084544224056,0.09478896242519655
-0.10808546484469421,0.10315039909811811
-0.10995808764914765,0.019471641916257023
-0.18934101959077707,-0.2279670908416238
-0.1470006684732363,0.01236872931657764
-0.10226225658107442,0.09168209723243588
-0.06182287267079421,0.1181324433369376
-0.13974710332755785,-0.2733245854006734
-0.06318152283245694,0.11275973109563728
-0.20631188596259725,0.0671270074831287
-0.14354681135132047,0.038216501496622604
-0.08724862834115524,0.11349876013021537
-0.04421560107784532,0.0949507948473794
-0.14149678827335024,0.02696031247390405
0.0070156947185280715,0.09321539977382096
-0.12186370817038669,0.02735009272143793
-0.07561423990736603,0.08074491489172873
-0.1255854689771635,0.07429833693129274
-0.12157835949437604,0.06760842317266237
-0.16073530616155493,-0.08513531913019669
-0.20891142855682945,-0.3140416851413961
-0.1349562722982311,-0.17953749692977408
-0.13578088921359283,0.06296733148798711
-0.2502120188471918,-0.26486676868236386
-0.11578799730342582,0.09954477918278552
-0.04854963276442504,0.13857129747199717
-0.038695246390175624,0.14418761171537664
-0.01101471925976877,0.14033937281765219
-0.10808546484469421,0.10315039909811811
-0.15486215616039492,-0.07737440717307299
-0.23494937189591522,-0.18687812082697686
-0.08731975128113582,-0.14727974476820926
-0.226759182092059,-0.24636015900397296
-0.14074090764743788,0.031413076398850395
-0.11231628625548222,0.11254001150303483
-0.11178695118424802,0.06796921896246978
0.0023442232632054135,0.11227077636833034
-0.11745282278192329,0.0958628659620707
-0.14149678827335024,0.02696031247390405
-0.1470006684732363,0.01236872931657764
-0.1296392466629955,0.016619896996638222
-0.03163949390700373,0.11207871985484091
-0.038695246390175624,0.14418761171537664
-0.12320649540419817,0.052092041475359716
-0.14149678827335024,0.02696031247390405
-0.15020288736136306,-0.23123180285098222
-0.14149678827335024,0.02696031247390405
-0.17139102108288415,-0.22015585193710277
-0.1886167377012772,-0.2976487149819723
-0.06034496357678697,0.10048704123727295
-0.23494937189591522,-0.18687812082697686
-0.226759182092059,-0.24636015900397296
0.005945498222214943,0.0785987294257666
0.030833199373131476,0.052728840438078274
-0.18336576805523297,-0.21296595479240915
-0.2502120188471918,-0.26486676868236386
-0.1886167377012772,-0.2976487149819723
-0.12186370817038669,0.02735009272143793
-0.1292985165552943,0.020550651219539983
-0.1699138181910909,-0.24534193654642278
-0.14149678827335024,0.02696031247390405
-0.03667281749984655,0.09451021996617773
-0.040452662473778454,0.07241516704612976
-0.14585672543638917,0.1480113416279754
-0.04980945775180804,0.12259616165657504
-0.226759182092059,-0.24636015900397296
-0.13263386523103093,0.07305595031606461
-0.01666299688671695,0.14799516550765623
0.01348290706848664,0.12908009813002577
0.013802417639375408,0.17230240237992345
-0.1609889057815904,-0.07874801549122755
-0.04837201112595397,0.0968738210851931
-0.1396987408411117,0.014716740581001935
0.11891001493532505,0.17459204925268818
-0.12629425161316482,0.07068380794267203
-0.14149678827335024,0.02696031247390405
-0.062047728451048285,0.061963221780494224
-0.14149678827335024,0.02696031247390405
-0.16867623420512057,-0.08434822732053551
-0.1300121517359933,0.06002244388431844
-0.10337548127059003,0.06506989062190906
-0.053797416831830085,0.13248558129413263
-0.18336576805523297,-0.21296595479240915
-0.1666003790067215,-0.11617923154848661
-0.1396987408411117,0.014716740581001935
-0.2502120188471918,-0.26486676868236386
-0.0724032064686647,0.0016036266229576559
0.103033375546972,0.18941821833898884
-0.12821848750725254,0.04414798850477593
0.012087232959790464,0.10748444918187562
-0.17056194442774872,-0.2430284482988484
0.06261982623665324,0.19311028146100456
-0.07445696024291487,-0.20147346041382397
-0.12531915106010372,-0.01666539542636598
-0.10072349395871129,0.07712333682974867
-0.10808546484469421,0.10315039909811811
0.0038280850318274996,0.15667130110942484
-0.12186370817038669,0.02735009272143793
-0.18415200099619317,-0.28522847416201624
-0.08975962539461245,0.12974240518915844
-0.053797416831830085,0.13248558129413263
-0.15700313191539067,0.1344016605967887
-0.14149678827335024,0.02696031247390405
-0.18336576805523297,-0.21296595479240915
-0.12808251270887042,0.15965097201362427
-0.13723725516398594,-0.0430488489562324
-0.1017687692107387,0.05661799721065355
-0.017866823974559045,0.09220744319781424
-0.1392378975313619,-0.23867982536512822
-0.07721899679097165,0.0947448139108944
-0.18336576805523297,-0.21296595479240915
-0.053797416831830085,0.13248558129413263
-0.14957258113936753,-0.23763150299752692
-0.226759182092059,-0.24636015900397296
-0.14149678827335024,0.02696031247390405
-0.20649082182900247,-0.3074384896184522
-0.05115717472680191,0.12859027420737398
-0.008191196018904251,0.055471961974497386
-0.129796087476335,-0.027700670407399933
-0.024159691277137477,-0.014897160525531514
0.003956761486231394,0.13191955426795218
-0.05783267602945028,0.17484323935201235
0.005790608191892745,0.18346518097503042
-0.09658965391622158,0.1342801288842513
-0.03933627292849164,0.018789290387567107
-0.12684041279648334,0.030332718884857546
-0.09281125609405548,-0.09291387032541044
0.042855022230579805,0.11421839853568486
0.2810681722012681,-0.09588220008103822
0.0023674119224296798,0.0749245192951157
0.04867750827263066,0.052005478060253185
0.18472415725525781,-0.03913561056203981
0.049472508869130384,0.0981165203201585
-0.028051047930188665,0.2240677789658702
-0.030051486924411976,0.12659172754437908
-0.008666144778613149,-0.04993467116293468
0.011687944079530764,0.03439086114022761
0.02969615356576021,0.1465011597771686
-0.006427237349658669,0.1634825926776278
0.07304962675112586,-0.1446764410252647
-0.10782935212827716,-0.13058261716127073
-0.04116428327746881,0.018168171281306048
0.053495691482082504,-0.23126490479563921
-0.226759182092059,-0.24636015900397296
-0.11003681279403937,0.07958676542417815
-0.061625010177478734,-0.03675693547158638
-0.09125950118219345,0.1578937770327878
-0.06656677046363503,-0.09272968618144695
-0.14047056466973273,-0.0204937889775651
-0.003050058962723623,0.03119535643793799
-0.1342011752936068,0.03046021513686488
0.06611283332129889,0.14326449881883208
-0.10978860833427699,0.13231863754820983
-0.03387235903326633,0.12148983178258688
0.15417261517563366,0.05508409155844474
0.02656953639911106,0.058890503013527475
-0.12264317696743489,-0.1171638056272934
0.02250730230795303,0.1272642033783599
-0.054466621650246766,-0.04277083588219751
-0.12187986777061197,0.039513294447906855
-0.10881460731011182,0.10336461431457562
0.28058314786154565,-0.09652213438560603
-0.039146585878052975,0.08210868023603181
0.006567657223221682,0.13940084616547316
-0.02022481515815992,0.1314642927416613
-0.09095854822119087,-0.03268908214175943
-0.06966583028233946,-0.07751471628052317
0.0886460479704247,0.3594460463542346
-0.059735324611987106,0.15179582102941155
-0.01179657186233425,0.07838526536149439
-0.04855951527730557,0.1735704199632292
0.0029934320506333177,0.18115852842345273
-0.12451651620291034,0.21136148748936132
0.016211391130626956,-0.032344539117166095
0.1989159622792691,-0.1579504514814979
-0.03521780125067668,0.0377753307620256
-0.03447717294441804,-0.04271435332337722
0.2674556036520698,-0.09258109936501849
-0.010629316757251952,0.13071347079615497
-0.003865678189130466,0.009394700182637357
-0.05766881700837685,0.10166650469830535
-0.11395781402716759,-0.13115492651141367
0.047497253019886956,0.15641458634550343
-0.1966722377726277,0.044377048834417364
-0.050038441159377584,-0.07897385128559897
-0.15082316629655412,-0.05991424430740607
0.0003369310177036578,0.032901751447668326
0.046577102183940115,0.09879288303581263
0.04591956136233875,0.09453031613314339
-0.07324166796598768,0.10661240168439592
-0.226759182092059,-0.24636015900397296
-0.09452916647084246,0.1263122552016546
-0.045331838819583054,0.1772689842729126
-0.000645180798790317,0.19059686029448702
0.059436540348503965,0.29615106779461586
0.04038052971721727,0.2977699493312669
-0.09215903147369552,-0.21799640128635453
0.10360691458081377,0.05116339122353434
-0.05239944055987798,-0.025568007461213245
-0.06975405443962479,0.1433655082133101
-0.04534880936502622,0.18662435055796145
0.020069000462141575,0.19352884613925173
-0.06899924302294279,0.07678907765499841
-0.09446284698313528,-0.280545332249206
-0.2502120188471918,-0.26486676868236386
-0.022881861909312757,0.22092276609218714
0.011676448835484892,-0.057106037512269406
0.0709196604209265,0.12768120085413784
-0.12029214889003123,0.07575134753517229
-0.027425083556563878,0.09845095551019829
-0.12113957092988864,-0.02387920169557
0.006153287191130131,0.06297372237314029
-0.06896473233624235,0.16574230239618964
-0.06888079158357714,0.1288754152794703
-0.14343359357818836,0.006790711582154236
0.13658640430038074,0.007419291284147103
-0.0093273501690893,0.11893242943407331
0.011734826550923316,0.20690243486140655
-0.1060287691819247,0.1476699802631554
-0.01048329941260745,0.21002297033811929
-0.12612139609475267,0.0684351082085289
-0.19755521507182272,-0.22186580023332103
-0.0697229307490785,0.04875198040872559
-0.0512533571933014,0.12781821541455313
-0.030432460140015563,0.0014758851532704464
-0.07974333114740277,-0.0159172134455299
0.16437355511113422,0.12117159814778067
-0.0323106035011348,0.2042787287687481
0.06612446406821684,-0.029821155145840293
-0.10075597148577563,-0.2598492552470487
0.018419133299134857,-0.1835968343198164
0.03179799130730131,0.10538442258096223
-0.16012426883536005,-0.03628046211315827
-0.11643848841401194,-0.01949840110934378
-0.07111176504305729,0.14586440259249386
-0.06087657051748987,0.13046491470691518
0.024529539145581758,-0.14696783973488545
0.0005070711284334615,0.11234984863816393
-0.1554494663321308,-0.21636517129233093
0.03732777567506311,0.02423429868995327
-0.11145256719708176,0.09195049034911913
-0.1958582767355925,-0.01464681911845706
-0.1195930611020776,0.14262883420262085
0.2501905981650297,-0.08683603546911216
-0.15501651170547803,-0.2519679674764461
-0.07243980087410097,0.12277829692894832
-0.03497407854953843,0.2005508057563288
-0.071851008026626,0.09749792922379381
0.03557681666766766,0.1140049152366254
-0.016791488653183726,0.015181277688072838
-0.07847026372657125,0.016903360568554047
0.3067175631728111,-0.1086667320882633
0.030974428068128532,0.23431867650962895
-0.023650874807835214,0.13813509236774513
-0.024101222687631842,-0.06227550887591854
-0.03726316634335137,0.0818511910507387
-0.03311457116859249,0.12197186350754609
-0.046388444567086795,0.17878669130735703
-0.06858519436474647,0.07828691284957683
0.12874346049369706,0.06951315123654374
-0.0011879120688007658,-0.024835137211114192
-0.019925911331126506,0.273488107806128
0.053934682045519114,0.038588660045361864
0.009064050854413808,0.08795791839858787
-0.03287821111133406,0.07882744878650771
-0.1277631255249288,0.1033638209596679
0.15849601653362336,-0.2165341008835877
0.06049589550113392,0.3604434946589844
0.24472662503881332,-0.10671249152479016
-0.019594769007970976,0.11478024570192946
0.15325440681017208,0.07309559697390768
0.011917640463192537,0.047231362480859754
0.12606988572078864,0.03614486670737261
-0.014892541496269968,0.016398629298876973
-0.05965166634529281,0.21622061086947084
0.04815159393161194,-0.06932210531005115
0.042174965932074794,0.12810195262851107
-0.11091127586488668,-0.03715139756233543
0.014429626897376023,0.06017815505364775
-0.07132765013278604,0.11680100215844406
0.02390764378105225,0.10845338870138038
-0.0922725007162818,0.07268157092317665
-0.0338774867656739,0.15695664101498816
-0.043198815047586214,0.22261851291562074
-0.07634658228331555,0.09905686527910648
0.02490490131618712,0.14901417816573542
-0.026517116380854872,-0.1625310167859615
0.043235497767258865,0.22854853135663486
-0.1396480216503365,0.05902617513785568
0.04301527664522065,0.06762187595808719
-0.26317158594728557,-0.1970064808185314
-0.04388927252518947,-0.12026944567729007
0.013728482110144059,-0.2728571181051524
-0.14149678827335024,0.02696031247390405
0.02797755786849277,0.00877413011349856
-0.07639709412845577,0.20548671366043325
-0.02037815058982296,0.17803944579281872
-0.024998787792644445,0.1384341827472446
0.007080056073436289,0.014111822633177175
-0.11069087234949172,0.033315433868893206
0.10285715940574257,0.04679686838836241
0.03602974425554815,-0.07992651680765103
0.21409782478696726,-0.09725332965768611
-0.014991826906373141,0.21457074417889999
-0.226759182092059,-0.24636015900397296
0.005130272822420013,0.15412855358426278
-0.06436504515448598,-0.06172142896335842
-0.008815675539903542,0.050996183700441365
0.023613021716920427,0.08288579133439522
0.17281385243929556,-0.021518887492503937
-0.0601204100491435,0.042220399979707834
0.02227146238176371,0.10146133750184884
0.020753227650606984,0.11734252440193321
-0.17832567305221939,-0.27246051949623573
-0.2040018471220757,-0.006995320816862134
-0.015610582063923139,-0.008108366055441692
-0.002249405151318955,0.05996621671217037
0.18786696441858908,-0.02494115969844177
-0.09732363409222464,-0.11828830306016724
-0.04332913244531389,-0.03055451416519039
0.08112354545547809,0.10696081135825919
-0.13182795847307485,-0.04940983414420991
-0.06048491955377422,0.07930077292580508
0.008897757132618606,0.08928793938715102
-0.07199780538445767,0.1122888746808775
0.02958288085536239,-0.08279186336106
-0.07190231584515791,0.14886361689128103
-0.09392572399328789,-0.12356494461005021
0.012792538649212912,0.10787589289341519
-0.13269984755993633,0.07343533287637234
-0.018795744448645946,0.2077520305767244
-0.2258659860674636,-0.22878477527880212
0.00869756102618984,0.1967644747681692
-0.12595241928523293,0.02740693452339611
-0.0568382952599509,0.09865162826879467
0.05778247121664781,0.1413424072764345
0.20396216476333417,0.03645498975541129
0.24184450446432448,-0.01341439885173497
-0.02584097615945766,0.08981987941996031
-0.14149678827335024,0.02696031247390405
-0.03385352878770387,0.08124000133448338
0.1752981113236873,-0.07832032955277957
0.04610481157082086,0.08404271234205903
-0.03331795793766306,-0.06937596540357785
-0.09522164303152103,-0.056238618513058614
-0.034730217068142034,-0.016225548741066475
-0.005538569828248839,0.18774676532208548
-0.09641940679758738,-0.32419868346910397
0.04488662969364112,-0.006086086610316183
-0.12648351184292186,-0.050947960105161144
0.24154422292634098,-0.13634731064890673
-0.10652242248069194,0.05734553483250821
-0.12234303758678058,-0.2016427250905568
-0.06086820133928756,-0.12141274018074215
-0.012406584957656194,-0.09618240016749037
0.0921174625070617,0.030519561324560993
0.31824601240580935,-0.09336090775578852
0.07993948442045348,-0.10760255533347335
-0.14149678827335024,0.02696031247390405
0.2857252048863158,-0.2151575512245866
-0.08691820192132874,-0.027031264481731036
-0.009670912356899264,0.1470536276461315
-0.1600858404765358,-0.07638889774055595
0.31738474000832884,-0.21083476288758965
-0.13584144992835814,0.038458829463291336
-0.057150931221604966,0.04955039133574331
0.011912661077008476,0.07664482846697046
0.14606041855384355,-0.06209873330789119
0.009455478162174766,0.054840615057728775
-0.08079612791798307,0.08113533498568923
0.15681835787296208,-0.12809530661612684
-0.03266361364518499,0.14461427843004881
-0.056711301385786866,0.06969242555617944
-0.0726162072059833,0.04766748195296008
0.2421607114110619,-0.010907266467769194
-0.08900818845738334,0.07288954502404528
-0.019113391136625628,0.020329215746606934
0.0565086682036789,-0.0694629760121332
0.265928981805113,-0.07517114928187263
0.26082385624257964,0.018462634312736266
0.023328173338949498,0.13811459660012004
-0.17531214846118176,-0.08663950749175514
-0.06762047592205661,-0.06903570375963028
-0.07466836221508058,0.1189154477819302
-0.0728864124724456,0.059171741670869644
-0.05005047775329754,-0.014921259044938823
0.04912319622838933,0.11163722922220108
0.16908575692438885,0.031284127898272514
-0.045166052729222875,0.04755328760144074
-0.13071061913659232,0.07910069897902285
-0.14525539680878152,-0.028963993622028724
-0.14172155501641245,0.03379967825732141
0.3056682842916737,-0.08902316205674028
-0.09659096465204484,0.08663851380789565
0.10116448783037993,0.12539017787583867
0.1840175942015616,-0.0565856846812453
-0.20315338781384853,-0.11468791059570069
-0.08092281070255795,0.00047663588589964915
0.1513275711351306,-0.19648390004911737
0.30055775400533896,-0.12280246451048159
0.055348239317685115,0.09980158659473565
-0.09558323446968302,0.03169687582625822
0.004019944944851978,0.050662674990963656
-0.15524697079180708,0.03460838071814729
-0.07173987440136707,0.0743506696337472
0.043299490110075944,0.16467312294276187
0.011839491608748467,0.05560384239603701
-0.04071544317905159,0.12241414263658357
0.034733450654467146,0.11410288213512562
-0.028760853733030733,0.11731448000830036
-0.10877492524727944,0.05134137858419397
0.1939791098727361,-0.012023056465858844
-0.12115181419484287,0.04103091081460997
0.30272589325495797,-0.2154299879153398
-0.07058366667153886,0.08158052743942155
0.27885922207004865,-0.06198629905618379
0.054304025233403844,0.004103961425435784
0.022033227733931824,0.13197873431268367
0.041925732259630484,0.08126360750820597
0.22995603662599767,-0.0760040063086383
-0.017721226997504648,-0.0032128051020003066
-0.0134220811702248,-0.06782829908557507
-0.06322430974823025,0.14289166020666955
-0.0785418309163965,0.12110983834188457
0.03040596250680906,0.14283294309479735
-0.02144679451754405,0.12537898820276117
0.036045590280647105,0.13799155953505007
-0.05489307011542795,0.10438946411930343
0.01494213514394913,0.07338236637625856
-0.09258364396283533,0.09180406074080513
-0.1555782911940726,0.016721664343536967
-0.03461333944653626,0.06890047015977005
-0.059363832226275316,0.0921079898089351
-0.03542481449495348,0.019895173095156864
0.11244227667389245,0.06615814541396277
0.20396433106436287,-0.24262619017741627
-0.12885133562555443,-0.03185071616256314
0.40689815745039226,-0.1184587514432032
-0.174719302363555,-0.052486797619420746
0.12172526293403545,-0.07299326582220499
-0.11200206611499297,0.04488978273627977
0.23486699380053525,-0.18405742225090693
-0.07792831844477138,0.07153732257478632
-0.10529132934358648,0.06638332229786524
0.009041075752441242,0.1974206258687246
0.22388421324458438,-0.09532192726758705
-0.04976411190021244,-0.03924605846000937
0.21008940482514712,-0.08491150982983782
0.33622919678045654,-0.1665683445447821
-0.08697814530048999,0.09606473481150993
0.009492195479498925,0.10769461047023146
0.051112539419603524,0.07022549761803011
0.22159143384496618,0.10749421201913563
-0.11770828735389251,-0.14037731705019224
0.28912988150943286,-0.13956825553022317
-0.014412040784656906,0.04238147139953234
-0.0877707652272851,0.08139657553579818
-0.11020443261853852,0.08610286802731165
-0.08952223871311753,0.09006674635664916
-0.11264609319763107,0.05128695155002374
-0.15440706473573057,-0.21239114092734585
-0.05238761095513815,0.062038297720623484
-0.03598262123315409,0.05826192377753955
0.03774374934827295,0.16903017100058026
0.06593123502911744,0.07810131501832507
-0.14091503989027884,0.11047943091422702
0.1652168644025673,-0.08573129697129504
0.2622724280337261,-0.16438995013489488
-0.07294490065567094,0.05640061483264789
0.2706906108431069,-0.08419415329998084
-0.10991450225365654,0.00778844698083948
-0.04214217887383528,0.10306852362486998
-0.14261569137736305,0.06139132565435352
0.02238846305992413,0.03830085290178735
0.055168761076360345,-0.03595774226267077
-0.08445405611282689,0.02785172077389282
0.020370222203755457,-0.035675067180288664
-0.04333539133752408,0.01911236403488063
0.03226539929984163,0.012337476740211144
-0.09489377157264599,0.11950911930880354
0.03939357690251955,0.11388777662681528
0.033612168896918655,0.08461607679064016
-0.07759681840547503,-0.057890504640690565
-0.0185130218778998,0.005776860992644997
0.00947660986125048,0.026296532315206605
0.2346968146988323,-0.0917011924321073
0.1062397671329285,-0.07224592649460347
0.057013454334641105,0.0847077761317286
0.05320389862407948,-0.0676124042055414
-0.031688783113241185,0.0945812403800175
-0.14536811405532102,-0.01806946518578525
0.0511102320066001,0.06580801728315233
-0.1308331445935689,0.06352084270116776
-0.0017169613276930321,0.17358554732716353
-0.11258273585765377,0.0714267207522512
0.17873838558193064,-0.07114104152601872
-0.043704274805556026,-0.014133882765216859
0.20903385503287777,-0.1456817840452322
-0.004299365004568984,0.1556920171812463
-0.07611248811707373,0.034991709221223945
0.09611231544802178,-0.041532765558343857
-0.04420742849544304,0.10727845314653801
-0.09592200631466039,0.06406787347175132
-0.029138502199901488,0.26217693904496986
0.03757645889182441,-0.0514813920005503
-0.10363028732865262,0.10547029505881851
-0.15353111052607418,-0.07736974179422416
-0.059792294503156616,0.053739123843930266
0.15014987618175135,-0.1185964922565749
-0.021609306242776183,0.10322497682026197
0.15241401028377397,-0.03762317570713506
0.3001303381244634,-0.2458040196188231
-0.0763549576295069,0.1128800813400535
0.0076891285880982315,0.1676224096315438
0.06453924456191296,-0.008256725388765106
-0.02339322293606988,0.1273682946188038
-0.16486559337038637,-0.07731562518330533
-0.054509810672970935,0.0017187052621673875
0.06343264025199541,0.1608192853921289
-0.017436814547980017,0.10832400058816911
0.017525595147896277,0.10605157053765593
-0.11316982332833658,0.08936098250153648
-0.05752929672289932,0.15053914262021814
-0.1296392466629955,0.016619896996638222
-0.06040212552009989,0.060498969282064906
0.07667535587287531,-0.047548915653530505
-0.030736024040810377,0.04223048918399683
-0.17713847214175776,-0.011666651643539833
0.15996609294636718,-0.07720877478020521
-0.16963868446366082,0.03890431445941787
0.11067529769731362,0.1929718664415847
0.19822019932819968,-0.16099411020011997
-0.14935727842158542,0.055624412566184694
0.0729058915631136,0.13125526979561608
-0.13969200733942216,0.0634747097840802
-0.0510530897156034,0.0875892331135166
-0.06565025730664156,-0.008154216232688465
0.06416946913556969,0.18508045250320107
-0.06439467625647102,0.09867773024169955
-0.18903111181121635,-0.09080207961315774
-0.06357316141429344,0.14327394256059583
0.05427315623168767,0.08821215809561134
-0.05206520127548418,-0.19227954884237836
-0.15301814465270056,-0.08256769850315265
-0.03513762073400009,0.1135733831868045
0.014148234055835115,0.08264565744849948
-0.05121382676151576,0.05441736293874948
0.010023793485579689,0.0988380308590731
0.07531500162583571,0.11589598405766759
-0.09685881403985006,0.09295148128097372
-0.09417765602128561,0.1327088673298729
0.06123429917524139,0.13018016452764047
-0.04479343224381123,-0.03811821860596042
0.09495789682685614,0.12803519680677253
-0.08693271955041881,0.02136799046739706
0.02061148765989929,0.053688111232924086
-0.10208433412342646,0.10313650016678921
0.0241675310211054,0.09590420901349989
-0.026757935855501506,0.1921553064444955
-0.10867171478719352,0.036098943780491555
-0.06277939591520981,0.07098857619580676
0.2497859813797023,-0.2229742190779677
-0.11817674294615489,0.05760378296438371
-0.14149678827335024,0.02696031247390405
0.049230684034954265,0.05975358726067253
-0.039532215316380376,0.05805456520730675
0.15659401373848317,0.03211712685792456
-0.06412081131424448,0.10274716028041268
0.02819145121445222,-0.028316159725847435
0.05695131184348677,0.11832396451676314
-0.102673732000726,0.05679773884220458
0.0616226001021754,0.07555944366668539
0.08963312874243207,0.08386563746158918
0.03116288990888202,0.12032566968109121
0.06061958002318377,-0.1456478236269573
-0.15039737482463134,0.057803727981311545
-0.0693817833135346,-0.023860902527168746
-0.15996598728982658,-0.055729349616109175
-0.07455377470818708,0.005459237326485415
-0.01119265610156961,0.08527730616413993
0.028329772264491935,0.12135306638819077
-0.06155190965714384,0.14172925449887813
0.297214273783797,-0.10708536176952227
0.02884222834024975,0.10232754197293187
-0.09243231421137643,0.11396281489076882
-0.1783163490722229,-0.22032514396084465
-0.04786454171350081,0.08035305132914333
-0.04174497237806393,0.07208038418473027
-0.012178568909640154,0.08709215747469341
-0.10139713325469658,-0.15590571920171853
0.1376842000967831,0.0015773515675272598
-0.10984182472718682,0.03501211018462762
0.10004278049038683,-0.02560878648044771
-0.07868448184591682,0.030724532094266083
-0.010614135221005695,0.04848469138243342
0.11390885975060602,-0.08471894649029502
-0.008281479696909294,0.1550110664597587
-0.14971367845326794,-0.0020182150733202555
-0.01732305414333595,0.17254285808142952
-0.11122077009275302,-0.019883873754739798
0.16896661970609927,0.0063006291655536015
0.26097738813700877,-0.08203009482007276
0.160608281956645,-0.07492278496207769
0.2789028790367934,-0.14983044403607515
-0.10414705824065842,-0.03660732067219409
-0.10980327229408038,0.1021992539227701
-0.11582278798030758,0.038039526369260286
0.013822339799331377,0.15311722856785084
0.04548286565053743,0.09143887660885618
-0.018481873169906314,0.01639998757023265
0.04058259834104053,0.01157244463913553
0.09190009563485227,0.08986270638291549
0.018266948558267163,0.12578430065649104
-0.07755958778207468,0.11893946773820795
0.06351676353572791,0.09579205046707387
-0.018154771959066625,0.052141541775308914
-0.06747543878143378,0.1056272121137384
-0.17311520483008236,-0.0701769135086155
-0.1874570722122293,-0.08898999116787855
-0.06618590044753286,-0.16565720744607174
-0.21731293422715275,-0.20245950573506682
-0.05871078305102921,-0.004089184482295346
-0.11477752763376882,0.0711525243375503
-0.13058379507153567,0.04653244061509985
-0.14149678827335024,0.02696031247390405
-0.08871258402246648,0.08289746750180738
-0.2573932318179623,-0.20768936009249547
-0.14149678827335024,0.02696031247390405
-0.14149678827335024,0.02696031247390405
-0.17455297749997725,-0.08032476712358078
-0.1369224829461247,0.03607378896256714
-0.09180128179221059,0.049421229033269586
-0.14149678827335024,0.02696031247390405
-0.226759182092059,-0.24636015900397296
-0.19094696019464386,-0.17641747493377738
-0.226759182092059,-0.24636015900397296
-0.06223805456716927,0.16811991150814448
-0.16641087774593688,-0.14361261635898756
-0.14149678827335024,0.02696031247390405
0.18001194228460848,-0.0981660278951733
-0.17198751956106703,-0.07825286927484038
-0.08447788787652873,-0.0267851063019543
0.1349593827700024,-0.14925511198716448
-0.06249321122785925,0.07981686495163974
-0.13580090999147942,0.0806729725596032
-0.13723725516398594,-0.0430488489562324
-0.2573932318179623,-0.20768936009249547
-0.09903559742796003,0.07389445894894209
-0.23494937189591522,-0.18687812082697686
-0.2502120188471918,-0.26486676868236386
0.347279848037807,-0.13218414641833504
-0.05539023074200232,0.15796329358289168
0.3350094930228002,-0.21553049707062633
-0.1091017256913701,-0.015774706980932435
-0.12521170460321826,0.02183594027810254
-0.14149678827335024,0.02696031247390405
0.34146922389500006,-0.1353689905170209
-0.13628237094263523,0.04497741346663658
-0.11742629510627929,-0.06250520295446575
0.23289777196881437,-0.09427285021225978
-0.06656159045554547,-0.04043798492342195
-0.2502120188471918,-0.26486676868236386
-0.23494937189591522,-0.18687812082697686
-0.14149678827335024,0.02696031247390405
-0.14149678827335024,0.02696031247390405
-0.12186370817038669,0.02735009272143793
-0.13486337624855257,-0.03025427477550298
-0.12250275403556275,0.006965011353142946
-0.07703581314122258,0.01296106990036426
-0.0619212259468077,0.0821259421403759
-0.10949748403093108,-0.17528067868216662
0.024065635931888707,0.06279673311032773
-0.1470006684732363,0.01236872931657764
-0.14845873637077237,-0.08278949538876848
0.20280519179865988,-0.11929138400714298
-0.08669189292507068,-0.08779680739941408
-0.03287012018120911,0.11155082541569487
-0.14149678827335024,0.02696031247390405
-0.2573932318179623,-0.20768936009249547
-0.12142133208181487,-0.06192672506546073
-0.2041204801185331,-0.08134501365488028
-0.19910499756547706,-0.029221980159920374
-0.20182824611160927,-0.1670839248049082
-0.13974710332755785,-0.2733245854006734
-0.226759182092059,-0.24636015900397296
-0.12428666252549594,0.00798864195599781
-0.1618474461896999,-0.08829714258973034
-0.226759182092059,-0.24636015900397296
-0.21720037725349875,-0.2052953741494019
-0.19194018984076333,-0.15573816345342437
-0.06044284905312234,-0.07819138362792807
-0.2070369384959083,-0.19737702274414978
-0.058675398238826254,0.09510339124565184
-0.226759182092059,-0.24636015900397296
-0.09924664042558676,-0.02743191611931788
-0.06066335520374879,0.06409769515494952
-0.2258659860674636,-0.22878477527880212
-0.09408685993088237,0.055749869679872964
0.21518330069890448,-0.11758872803117988
-0.21611106693745621,-0.2126138269562908
-0.226759182092059,-0.24636015900397296
0.0005986230778506312,0.17329529097696234
-0.2502120188471918,-0.26486676868236386
-0.16867623420512057,-0.08434822732053551
-0.1148731586770081,-0.015641447620999758
-0.036441138852927,-0.016499159927370905
-0.14149678827335024,0.02696031247390405
-0.07932315590118504,0.010807882980740953
-0.1886167377012772,-0.2976487149819723
-0.09098322201855083,-0.010588454868699007
-0.19459131109724256,-0.2810603732035272
0.19935327101039765,-0.08864995027065145
0.24688333060356565,-0.13792516994141724
-0.08124838196934028,-0.008878949290662517
-0.226759182092059,-0.24636015900397296
-0.14149678827335024,0.02696031247390405
-0.19459131109724256,-0.2810603732035272
-0.1886167377012772,-0.2976487149819723
-0.14149678827335024,0.02696031247390405
0.28263306523772397,-0.20623929052790604
-0.05908809538034636,-0.03482466961846222
-0.09225325269689486,-0.12863466250488137
-0.14149678827335024,0.02696031247390405
0.20210435442055502,-0.08221285789947497
-0.08869461145554536,0.15470649201258263
-0.09556575889414601,0.09448893986837961
-0.226759182092059,-0.24636015900397296
-0.23614591401977408,-0.17326739629488044
-0.23494937189591522,-0.18687812082697686
-0.226759182092059,-0.24636015900397296
-0.12839967153748227,-0.04921861767041502
-0.07852672442774461,0.14386753800121624
-0.0489646159443753,0.0395492021545899
-0.042155439749284054,0.08884993794344889
-0.0878058794017859,0.06348790741732803
-0.09240115845475667,-0.0043379171442269665
0.23821788796648583,-0.10340074536768047
-0.16360590696366328,-0.26278603083051955
-0.12471998861526293,-0.10871338065850954
-0.20746720158474422,-0.21816502751311395
-0.10349351011609194,0.05770406503420441
-0.07668579620426524,0.11970040198977792
-0.18359802492635852,0.03849840509696232
-0.226759182092059,-0.24636015900397296
0.19552990451029645,-0.10748031574241447
-0.2258659860674636,-0.22878477527880212
-0.2502120188471918,-0.26486676868236386
-0.14149678827335024,0.02696031247390405
-0.16221739735530777,-0.03419543917242188
0.03618257382600457,-0.0831129246654054
-0.226759182092059,-0.24636015900397296
-0.12614781378067558,0.03249251929914209
-0.1874570722122293,-0.08898999116787855
-0.14149678827335024,0.02696031247390405
-0.12635564850629744,0.06756573242011732
0.15809864387106476,-0.10757846111868372
0.34511182332858886,-0.13329483592476188
-0.18234378151846586,-0.008621355960865417
-0.13628237094263523,0.04497741346663658
-0.10613144876026613,0.04397828114701404
-0.10511357659310008,0.06681882993362935
-0.07578256288797758,0.07630318702457711
-0.05942701213107197,0.12046808828229552
-0.226759182092059,-0.24636015900397296
0.3316081671173607,-0.15025874551361165
0.05877683520591873,-0.06589604253593756
-0.226759182092059,-0.24636015900397296
-0.13974710332755785,-0.2733245854006734
-0.11419346680036647,-0.044944288247068934
-0.12344472427345332,0.05486627825863486
-0.10977406013661743,0.0821775752727519
-0.13058379507153567,0.04653244061509985
-0.07447265393773805,0.0624818863280234
-0.19805003250190514,-0.19474073403822584
-0.12091423699375535,0.07272822534537654
-0.10712533233091533,-0.07266295169485723
-0.16867623420512057,-0.08434822732053551
-0.0845808727519454,0.12315229206795075
0.03339722095241278,0.07094864150077079
-0.15055024574281178,-0.10447695048627899
-0.1337623927438395,0.05607347475873395
-0.2502120188471918,-0.26486676868236386
-0.14149678827335024,0.02696031247390405
-0.1359310490572196,-0.09254392966803891
-0.07291889607239521,-0.023755499421193697
-0.06877456872929552,0.06531209421432281
-0.19805003250190514,-0.19474073403822584
-0.08400169192641681,0.0019715779791703333
-0.21410743345230263,-0.14716120979329764
-0.09470618961426303,0.02026720346882588
-0.23494937189591522,-0.18687812082697686
-0.09109355334629038,-0.04806169772465214
-0.12084890520895664,-0.01891338416372505
-0.14999977139805915,0.004503442295213703
-0.12131999408574513,0.04987090060295295
0.03960955232415631,-0.05671574663951785
-0.1891316558702599,-0.276995026971195
-0.10637589613646724,0.053409582709003055
-0.1481046667490434,0.03698632599423188
-0.14149678827335024,0.02696031247390405
-0.16427913426030724,-0.06806875117965348
-0.11091127586488668,-0.03715139756233543
-0.04863935963299676,-0.3288970885925408
-0.08076085148822824,0.023759667280621143
-0.23494937189591522,-0.18687812082697686
-0.02510950412903554,-0.026352555251186703
-0.13014108426295928,0.07305533337024017
-0.16427913426030724,-0.06806875117965348
-0.03639717413194999,-0.0450726130458369
-0.21720037725349875,-0.2052953741494019
-0.24790042919842586,-0.2254311231693401
-0.06468534108386995,0.10745918825469786
-0.0030672588905776396,-0.279855068915062
-0.13798086834456635,0.014351593481498247
-0.15024709301690473,-0.013072101540798985
-0.13855004503093515,-0.07508728178106962
-0.1516996126668201,-0.07833120700452903
-0.226759182092059,-0.24636015900397296
-0.226759182092059,-0.24636015900397296
-0.08201412361081478,0.022325332553203663
-0.2502120188471918,-0.26486676868236386
-0.226759182092059,-0.24636015900397296
0.031385612894290364,0.07648984853819467
-0.12854529474798604,-0.05329087215967689
-0.07404293079739481,0.04294965887932428
-0.2573932318179623,-0.20768936009249547
-0.15560141928793614,-0.04959388194239955
-0.13331083812930455,0.037322800499678656
-0.14149678827335024,0.02696031247390405
-0.14172155501641245,0.03379967825732141
-0.03996856885627118,0.009128278892249011
-0.214839534968775,-0.2950006660802695
-0.022680398038491492,0.05700651460324121
-0.09315777920502073,0.0034730689734244315
-0.19194018984076333,-0.15573816345342437
-0.004798026230646054,-0.026238724157896774
-0.19789517850980656,-0.2183841055762277
0.20257180960308133,-0.11506618130528432
0.14014683712079784,-0.09384398373434534
-0.19805003250190514,-0.19474073403822584
-0.14149678827335024,0.02696031247390405
-0.17521383057328235,-0.09575552679758674
0.21668333083420638,-0.14574804924130252
-0.226759182092059,-0.24636015900397296
-0.12413198986995287,0.015589492621299869
-0.1106640981209975,0.04735131883244481
-0.05907440897999866,0.07158004453443571
-0.226759182092059,-0.24636015900397296
-0.04649897868830462,0.22328406692960498
-0.0905732571073604,-0.23737782178781353
-0.1597945532803388,-0.04474307859853901
0.05877683520591873,-0.06589604253593756
-0.1470006684732363,0.01236872931657764
-0.14149678827335024,0.02696031247390405
0.16635095737168973,-0.10330350736508617
-0.2502120188471918,-0.26486676868236386
-0.11472853930388711,-0.02469212759658671
-0.07531862800488266,0.0034036644003067953
-0.07731781648812008,0.08146690532795202
-0.0717280199565832,0.07259661649737717
-0.09155119369034918,0.09338248380273158
-0.226759182092059,-0.24636015900397296
-0.1639403079300417,-0.11938601905983912
-0.2258659860674636,-0.22878477527880212
-0.226759182092059,-0.24636015900397296
-0.01841165668797611,-0.01438464737337593
-0.1930758191634329,-0.03854365719509643
0.20362385644668113,0.028452993040451312
0.40145310657114436,-0.19726924242555505
0.39358883715789383,-0.1636625696197501
0.29564722095732143,-0.08116821170415699
0.3024241113321891,-0.08352463925178967
0.42755254823680866,-0.09841749808971262
0.3887969667447955,-0.097929385216374
0.3220204293735748,-0.21755723962889476
0.3479078460765933,-0.11261896950038026
0.35452675557728736,-0.16807267685013727
0.36597606782574643,-0.17390056586450922
0.36689036616090404,-0.15571240042421067
0.25224524501405404,-0.1847945662981304
0.39777587959900307,-0.07159649945777398
0.3162931144207576,0.02341157867602366
0.3051055159000487,-0.09074769110842323
0.18680642616563536,-0.16559010761692952
0.02081630531447164,-0.16135352976399855
0.33301154719654,-0.06562086810315723
0.32983247575944324,-0.1391470360783017
0.2261964185536665,0.0004292528876451617
0.2542860805096047,-0.031105744422988094
0.3121333123823036,-0.03673473666600023
0.3389151668526772,-0.03841932541434049
0.3452167600029117,-0.1111033857867389
0.1857617438332381,0.038155310341126854
0.2669898384056853,-0.07968440040137491
0.39554666899110896,-0.12263343742103665
0.3564166262172392,-0.096231726517819
0.33013038890230806,-0.1442061960400135
0.31391135541176224,-0.12728461195711857
0.36904643111967095,-0.13013341977703966
0.354278049456366,-0.1566975997663063
0.2868028387961233,-0.07075289485759285
0.37401527542481217,-0.03138362937103921
0.2660672529412127,-0.13248759191153942
0.29533939150491856,-0.10367434282039067
0.3235563870542574,-0.12531990246503413
0.3418761878018891,-0.09271590725387877
0.33964641272469404,-0.14986841999971068
0.28533248232825337,-0.1675654664310504
0.3662774371217569,-0.13560246035862425
0.3241834151385252,-0.09635224804446432
0.4045539083445395,-0.148411893176768
0.2548425637294177,-0.035760567960044023
0.3052379380313544,-0.1162567221265157
0.39739993098015153,-0.1982808682720675
0.22552520072087845,0.009676415604041918
0.3233490406812826,-0.18333934805586602
0.07132365905277675,0.08997804158389505
0.2832703309815496,-0.03469690480052749
0.37172849488176063,-0.08809029425226717
0.3225299465997486,-0.11886941536803897
0.30560482405556616,-0.07252306802470224
0.4041195843525651,-0.24321763115391826
0.2522551152948515,-0.013839920592950687
0.28759882361750727,-0.06871605614130023
0.32826277109531976,-0.09976856142634054
0.35530449242527656,-0.07279305901174644
0.32503293593975036,-0.08121127923872105
0.3267309064432022,-0.062377026055651964
0.26179501973968067,-0.06705179538649142
0.13059901896577383,0.038067544769757836
0.30044253731885545,-0.08652269363890541
0.3737708334925218,-0.16490816511447942
0.3261434779031906,-0.1396576127202843
0.3265421135334617,-0.08855908949089013
0.38542206606313517,-0.10674989194139456
0.34813284568321495,-0.14451174883182769
0.2732269321613403,-0.07105137611324494
0.39427605744511957,-0.09749069030340105
0.36900700342840986,-0.11928940590893194
0.2662319884585862,-0.07965781441172931
0.2829352915436081,-0.1475832723488987
0.3158857454687533,-0.11096846576903471
0.4199481331650151,-0.16803537987132
0.26780506590174136,-0.10917559346743101
0.38946787797580024,-0.13704022819817427
0.35468442811920964,-0.18500251406561244
0.3979445110006268,-0.2145037330680485
0.38024003946270135,-0.15395694523376074
0.2641831838979113,-0.08371847105515781
0.11097358285258774,0.017673733529949633
0.1630938409566054,0.14341315120582665
0.2989862045602139,-0.09774995157169862
0.28342312877128756,-0.06005852250629297
0.3223494405631995,-0.1222496516295536
0.3359640216920982,-0.092486307257119
0.017501446931407698,0.05241806883331106
0.28631095132587264,-0.052003116317648576
0.35521823323177093,-0.12999132578572445
0.4010626767071638,-0.10924106116516162
0.2888997686808424,-0.0012553739020913337
0.3200174291996656,-0.05660359982617352
0.08735690854550161,0.045028094084534134
0.2966648094275131,-0.09058641720764335
0.374404145573575,-0.09230713999940712
0.3344365360043929,-0.1374463060172366
0.3455788165190867,-0.09108510873511268
0.3184709782094243,-0.1730643125276548
0.3579064627141861,-0.0859949069076644
0.40582667344019885,-0.10200428120792696
0.3632439132164131,-0.08930318547633838
0.27775649465264696,-0.18967829208589002
0.21351849316493493,-0.13640162226597943
0.3380316923324809,-0.07377896894341864
0.3163846514469495,-0.0628523733148387
0.38699921098885876,-0.06664614042249077
0.27109584994538405,-0.01873533092454337
0.30612275241453996,-0.08826166017156853
0.3391086320515073,-0.12091624381537025
0.3832484300139309,-0.09086375944560586
0.34226770208170637,-0.07640358719707574
0.06899568457274857,0.10636529740541933
0.005374038165405047,-0.02100732332268069
0.30942166535158494,-0.1621904518282241
0.3694009313219026,-0.19376512785482153
0.4399277360035483,-0.1694184066765307
0.3104774464498506,-0.0721864433279463
0.39441734002255485,-0.19589493402340225
0.31723902830879025,-0.050986096566882265
0.2994253311512543,-0.07218301760651795
0.3501453218514652,-0.1607232796868174
0.3744129675581165,0.0065823956029379
0.08641063600578987,-0.2206836751375203
0.20217848048767423,-0.025038135893304062
0.23745610336925138,-0.049059503792829404
0.2819220143420968,-0.20644126491173004
0.39605530245273696,-0.11935816368836605
0.3286384970714959,-0.018321918514034564
0.33237811955874796,-0.08111692485283695
0.33560495785865846,-0.07347584576568919
0.3197669576908519,-0.1426532819780687
0.21128695862691485,-0.005040138993484043
0.28388928626789844,-0.0453707197512952
0.32917311987668196,-0.0744124638915065
0.2847524277432459,-0.05983301632557572
0.2431595293914894,-0.12726010092778164
-0.0757989831628695,0.006613341452000534
0.2677177998483233,-0.07111653468677996
0.32799297275914785,-0.09383753185464566
0.32753839475352936,-0.15149193338908348
0.3790358240561218,-0.16539970452137182
0.038699527280018645,0.10324148056508037
0.32901783071904556,-0.11376599744758152
0.30919002934075446,-0.08157775249266791
0.36381551978813853,-0.08813141412264805
0.2801954258754611,-0.06531866059663619
0.3565175467358919,-0.10300538964120987
0.24481598239565855,-0.07690653448874187
0.33132744752123705,-0.06130885814562344
0.11321080893993317,0.0880558210821066
0.22348311686791067,-0.2653726241502894
0.37170663386448904,-0.10632354602672536
-0.004132910932760634,0.00496950553923604
0.3022286824961078,-0.1301364771787893
0.30343079539861467,-0.09843406986454467
0.3130448028553439,-0.11811803805685009
0.23432463261504732,-0.2599058628630499
0.32670577294636316,-0.11606124075808014
0.2829107947780363,-0.07306072551046726
0.2637505312100212,-0.053979851592976046
0.3245929175017164,-0.11537444295565669
0.33190618658671256,-0.215187636025232
0.0687711923222801,0.1495230571947649
0.3957430978492423,-0.1385773184955882
0.4323135804989737,-0.13663468159567424
0.3424519995486854,-0.1340242620861921
0.246881242316201,-0.16226024793908891
0.33495271217593053,-0.08301505061881383
0.13681099411665207,0.03646679715991474
0.3028663473817375,-0.08418847331064902
0.3939310426451237,-0.1486592926461602
0.2853672548657575,-0.11008405690524059
0.3897127230864243,-0.11981583793299756
0.36910799333498195,-0.07316099889504761
0.3547855822200578,-0.10053802659753948
0.37124876112337296,-0.07933308886476133
0.06388412800530292,0.17349795040648558
0.3404673602873072,-0.09859957833885205
0.31868671002437865,-0.12168214772788631
0.32610693395493756,-0.1514008362489781
0.38567820957094995,-0.1406851249759116
0.2752388177352005,-0.008675595045974661
0.31153594602236706,-0.10286974468477408
0.28353409025984944,-0.09422514703609773
0.32903141282072035,-0.15312482269469138
0.330393630761772,-0.08314819471919657
0.39275812249761705,-0.12496368907784829
0.30044202341985304,-0.1541207227701253
0.2873105556600615,-0.07721106874193209
0.36059965405829897,-0.07600084758424806
0.3216407475551481,-0.07623967429000361
0.23144044404233297,-0.05712302740353543
0.42654908569925687,-0.13082401246983108
0.39979906888657357,-0.15608561415208178
0.15305312099006851,0.1461691760190578
0.35720131071367817,-0.14272197951025783
0.3717647233158212,-0.1358906237769368
0.33727225584259257,-0.08580449600055702
0.366296503429508,-0.09252189486972254
0.28894320014528263,-0.16676980067695762
0.3283244940159663,-0.14334936517946162
0.37698083416309836,-0.16385250553067718
0.2522043282346698,-0.06114239629525489
0.3253880112978855,-0.12340285883937761
0.3050728170877563,-0.06557728706222853
0.29639025237651695,-0.11141856380909965
0.32645150531018313,-0.12901844433723392
0.34177519412498986,-0.187138321083418
0.3196938832651211,-0.1135996469385677
0.3874449480119829,-0.12362286845268548
0.05184147708022172,0.07684369806664144
0.3409582379462981,-0.140764601074555
0.3372757813466395,-0.08887572545884824
0.26579987449624276,-0.08669593739832979
0.36826205363054526,-0.13204243988321904
0.22787330671779185,-0.07840656600397114
0.42147945972263334,-0.1090977105169366
0.32818339774198024,-0.1473474989298969
0.4322583896948937,-0.17717379820770307
0.27771841630738986,-0.10094360314400211
0.2776645894905185,-0.21103361684195202
0.3434838309337823,-0.11535355031044905
0.30754143084074154,-0.12548826500609037
0.31779646274396944,-0.0834338876448327
0.3848267800387155,-0.1292680858760284
0.4129725416296655,-0.18087719888319084
0.22498669589312692,-0.16529948560441804
0.2695011894693905,-0.005948758507729139
0.3134291972593785,-0.07172372000737433
0.25111808374695277,0.09076705190054696
0.3525658852315587,-0.17611416294829324
0.3202391324641765,-0.05350700909584635
0.372787004014329,-0.13970270965382653
0.263278652882101,-0.08946432306515177
0.2549360050061832,-0.021720958423470157
0.3462799045102105,-0.12190382011932811
0.31067794889199074,-0.1115738007814938
0.28860540174504407,-0.030958041513415194
0.30259084380629575,-0.039190588856800004
0.4915628719752725,-0.14373605903327702
0.38606008820334553,-0.1259506398987465
0.2256182407123864,-0.21969111735693972
0.40875374860994157,-0.1674193612744035
0.2992816815645575,-0.23847214311659912
0.3044668649896257,-0.08684994556111073
0.33763433307690355,-0.13341395291087704
0.3196122654174761,-0.01376264769563802
0.38050323652086,-0.14536693123777022
0.10013780933584282,0.4037857031597876
0.27947727276443957,-0.11741055390800931
-0.046750082927933694,0.2763761951027586
-0.14061865571702853,0.03465474638718859
-0.14149678827335024,0.02696031247390405
0.022945139037004486,0.0812869563659438
-0.23494937189591522,-0.18687812082697686
0.018052314432303675,0.1853621871765154
-0.23494937189591522,-0.18687812082697686
-0.226759182092059,-0.24636015900397296
-0.025066818466625316,0.044827452783423365
-0.07183612445675125,-0.0662080308042191
0.10149626935698258,0.10725783262602964
0.052121930956522795,0.026526256925194173
0.2991834606064713,-0.15904896555774473
0.12702212000600693,0.2385811837672315
-0.10255118031250261,-0.11426762099401626
-0.2258659860674636,-0.22878477527880212
-0.1202128639003464,0.10177378523309105
-0.01740314046949472,0.17727804706559472
0.302713804933349,-0.09596406265880984
-0.014714631497743142,0.28744565767980984
0.2953894559016857,-0.07700409400988008
0.09257414614406126,0.22088516103054123
-0.0847431434682805,-0.1329305647656289
0.022771563588067256,0.06634557326841972
0.0160345467336911,0.0945668784456446
0.14897156583533142,-0.08771243468486924
-0.06370780429763086,-0.057813100836471495
-0.01474132714371369,0.10697027305491626
-0.03511172301942672,0.22249837615670448
0.0947929253784431,0.34433337522942165
-0.14149678827335024,0.02696031247390405
0.044505369709676085,0.15669713295459187
-0.02202028280278837,0.1349072577595415
0.020575031673962393,0.05322995955770389
-0.1481046667490434,0.03698632599423188
0.00910071668388402,0.27710070251884866
0.10052309682468573,0.3034216963485593
-0.007669541489346175,0.10796101671608804
0.05877683520591873,-0.06589604253593756
-0.22323733751785418,-0.21884446778059555
0.18908852950585536,0.1433137900153212
-0.06914462989589462,0.03650450781696206
-0.04897892823227016,0.12184376102452521
0.15641697167976962,0.36653594362855807
-0.05855718682180038,-0.003971911164618993
-0.04455665076978472,-0.12183514231931743
-0.10358867548097589,-0.042893996464760484
-0.044252818395884505,0.11512835232864224
-0.09935858649223521,0.06589565057655158
-0.08191908937507056,0.15872781597775812
0.10737268451487975,0.3816429005745394
-0.09601425803307247,0.11397700427459058
-0.016438637184099106,0.2961764383126955
0.05852642605134129,0.27179329368006977
0.12294276831704361,0.34024889532218355
-0.1134782198125209,0.1402618581213177
0.10190129853157526,0.027163715262438264
-0.06195738243231777,0.15132405409282168
0.015652409004761246,0.30306139649714037
-0.22657430462580705,-0.2462423095860961
0.10068475566271573,0.32469483024110446
0.0006491244540797151,0.15913124942601406
-0.23614591401977408,-0.17326739629488044
-0.061826084943202436,0.13021010748411335
0.023264579566448045,0.1845084390278069
0.057659598620652786,0.3316426819390805
0.02919790948802835,0.3100839367949588
0.08049800300614357,0.13275772087370993
0.004594455937884581,0.07603637630349486
0.3113426720077642,-0.11894818590319213
-0.038529753589856545,0.15171702715256055
0.09340976052157263,0.3545802114794212
0.05015726881010689,0.17523255708625132
-0.0014296557285368835,0.10174041877442057
0.00828844490383371,0.07571146626685647
-0.14134782793546902,0.04229432722300734
-0.14149678827335024,0.02696031247390405
-0.08359440831561325,0.13861681016186161
-0.14027076607941596,0.046156568659098854
0.015842927657873623,0.24200219865246153
-0.112423752656306,0.08019930808746012
0.04274709651001701,0.20386971308344554
-0.028962946846664187,0.07496856152915132
-0.226759182092059,-0.24636015900397296
-0.08206466626191261,0.14215392734253526
0.01574381961020552,0.1043388197824282
-0.226759182092059,-0.24636015900397296
-0.0322760098437371,0.21984681208324544
0.07936685798905027,0.12426204416023329
0.08721561995093122,0.30132544226028435
-0.04244836890692432,0.17056149592107175
-0.10646757108203875,0.024127242887169695
0.018779092291064736,0.2931583690652977
-0.10346705001496871,0.05901872496171101
0.07510335549183288,0.21097427510645045
0.258838013044082,0.046628671760790545
-0.1583944095902402,-0.05468080586144276
-0.037879096306128214,0.012480403275420352
-0.14149678827335024,0.02696031247390405
-0.14149678827335024,0.02696031247390405
0.024995371409819365,0.08053389582650863
-0.1296392466629955,0.016619896996638222
0.06469533893010941,0.007645535105921731
-0.112423752656306,0.08019930808746012
0.026029048587449716,0.26980443817581473
0.06759986431239648,0.24712698386608423
0.0818105874402743,0.10351862318179815
-0.0031025312023799587,0.09368464261774634
0.004848690322591287,0.23907602836075137
-0.08304429816078457,-0.03765963991426599
0.06672172675563848,0.29180825171722735
-0.0027006712015383476,0.00010756647898153651
-0.14149678827335024,0.02696031247390405
-0.04878396361340994,0.07166280167337523
0.010293182958170586,0.24452397433396364
-0.12618643326242232,0.062283169483952884
0.12365814697873691,0.22132888596103317
0.014676420076751696,0.15539899656748715
0.014215153463832259,0.2535230543484856
0.3512410665497561,-0.249633790921208
-0.07146380226959537,0.04217563541955344
-0.015627648888050287,0.11312512692815795
-0.007428500854245546,0.025654628234329655
0.248459853697304,0.22700579457133763
0.09245450959348973,0.37628769893472813
0.003951267630355537,0.2403690082142568
0.202916074052073,0.2441201275251585
-0.0674053453791193,0.033542939379827275
-0.11069087234949172,0.033315433868893206
0.05706541160297042,0.12549516692593252
-0.028492357124933382,0.15147007518547342
-0.09139061845593834,0.12197072716381445
0.08300794097161739,0.27665949793648315
0.33272482067725984,-0.0858850955725894
0.08089963260808412,0.13426648781066047
-0.11119900172948205,-0.034852767990921844
-0.07529938091540168,0.12484172756481483
-0.14149678827335024,0.02696031247390405
-0.05606037376697509,0.15865017669041356
-0.009568885172405863,0.21901378197067906
-0.004249204906006074,0.05848973124678633
0.3984260935457556,-0.16972362688358306
-0.05793693595854025,0.06437703608876698
-0.04863935963299676,-0.3288970885925408
-0.2258659860674636,-0.22878477527880212
-0.10219641917206099,0.04487498503816917
-0.12471950772205652,-0.1434990865823089
0.03338027488951516,-0.0019527559786224986
0.0017722694907612512,0.11802143651555504
-0.006729584930439967,0.03762655694132692
0.0011616238218201016,0.24858724116368133
-0.14149678827335024,0.02696031247390405
0.08718838251801765,0.06447618924697404
0.013278054597068656,0.14633209299822122
0.01202048073946961,0.20533754063787665
-0.022314731877783267,0.08572340777679406
-0.01863310241500621,0.09635038360204821
-0.05198152540140828,0.158060031143942
0.04224994945553188,0.2623863808227992
0.026600038558049054,0.10509242740056839
0.04773349393155591,0.21478436069046522
0.0077060304105052305,0.012424802494555496
0.038916078752004826,-0.13595366423224256
-0.06749963928443731,-0.003507117732872214
0.037119559788850634,0.29845136043764686
0.04028898896100003,0.25251042825348696
0.04377091145720631,0.10602077327886934
-0.11091127586488668,-0.03715139756233543
0.25136659266602435,-0.13381969633677074
-0.09253557257213145,0.0855252057013571
-0.21223189574546555,-0.3085060260929285
-0.14149678827335024,0.02696031247390405
-0.001491832489059747,0.07402180381900472
-0.15358231184016496,0.0618145704131591
-0.09063880521615304,0.11594412613099284
-0.14149678827335024,0.02696031247390405
0.004332542126977356,0.2949534226695568
-0.14149678827335024,0.02696031247390405
0.06886402784259738,0.2696138942865061
0.012998037616378365,0.26940552458708455
0.07506324860874711,0.2101757910885963
-0.07409500150188221,0.1240065363584914
-0.2502120188471918,-0.26486676868236386
-0.0366038376868939,0.1269700726602419
-0.05298359459643541,-0.005966424703292408
-0.019919671110129288,0.202936626617511
-0.2502120188471918,-0.26486676868236386
0.10572233091596002,0.34400297340701175
0.03516573406116963,0.300305970053182
-0.0005563337531651446,0.1546798206047305
-0.11139438966622056,0.05917355821474455
-0.10222522928103676,0.1684962579614847
-0.07612368923204905,0.09713307027315582
0.07206724699718954,0.31476665309457036
0.08331205305957869,0.3249450482567321
-0.005649524710112366,-0.029452212672471105
-0.0227357591857525,0.1826287434615033
-0.23494937189591522,-0.18687812082697686
-0.0433209454486207,0.11231321637841991
0.09166482428074575,0.37236285746607395
0.10836334418912227,0.027536166336743845
-0.12543789840070152,0.07335165972834055
0.1314613674440676,0.30074410956481856
0.14218252268569093,0.33105809953833654
0.277203597261232,-0.24831817405457265
-0.1040069641971748,0.13209710871253602
-0.025197983190835375,0.1811040951339904
0.026738538716025224,0.20996220182247982
-0.052409453179882354,0.08532482096698613
-0.01883058722047855,0.1258541851848242
-0.0313311714502874,0.29028047366375653
0.04949722978338189,0.23573175907845634
0.05741661512171874,0.033040291273150904
-0.09166453025894085,0.04422517483147668
-0.226759182092059,-0.24636015900397296
-0.2258659860674636,-0.22878477527880212
-0.07412166759802442,0.1665369861648543
-0.03220237700339292,0.13670257710822167
-0.045887293139756,0.08463798121774223
-0.03460574468895958,0.1788422552754367
0.03228739441185149,0.013260501175781517
0.08148092474101541,0.03762250267660923
0.05575451643470639,0.2383145485991182
-0.12111536713152511,-0.0489883159364955
-0.058032090343958655,0.10801404891569337
-0.23494937189591522,-0.18687812082697686
-0.18139637674775258,-0.07870376450138442
0.05315065315798331,0.15924164572675564
-0.23494937189591522,-0.18687812082697686
-0.2502120188471918,-0.26486676868236386
0.04474767890828134,0.2611853172055357
-0.14149678827335024,0.02696031247390405
-0.010142455130945579,0.2490153278528659
0.07470742025849952,0.3483864145070441
-0.09036149090251924,0.043592456669130364
0.0077651522454216205,0.07373217862883034
-0.008556639747731984,0.20845940871860646
0.3535062389816345,-0.21339114551252586
0.10194905906743802,-0.22054842778419934
-0.23215020080057874,-0.23646612123981892
0.0793505817759793,0.3352082802200536
-0.13251975170489985,0.09117978863795373
-0.14149678827335024,0.02696031247390405
0.05366462882140962,0.31519756970153956
0.0925130745753623,0.2962199443774636
0.1361961623768059,0.04954453136736014
0.2761104987949458,-0.09979344488756325
0.06856862097587937,0.21559717429110759
0.26393431698911324,-0.015065013337866683
0.05407987588016565,0.11500726967652242
0.018537187967971193,0.12971889088818384
0.02472150924034889,0.0897428764921651
0.013340634328638277,-0.019163621522040524
0.09760556613843868,0.1053319725136185
0.05942185023165806,0.17459489308201104
0.12470325586292375,-0.021460307901207593
-0.03797210157706216,0.17243944763295793
-0.03434337352390541,0.12870135957914647
0.10000223419442426,0.07748062153160569
-0.004955633700747824,0.15498703072793388
0.01857591192169317,0.17490597481196254
0.0954158145010847,0.03928524678464932
0.2879569082945654,-0.03693454048744185
-0.01775005926834441,0.15827371023459025
0.049598476560168143,0.04824132789796215
0.0630956178489514,0.08773531339911406
-0.0011056700059425594,0.19083780024172922
0.09168304298300849,0.1455284592479415
0.06645802098966759,0.12840655747022098
0.3565596637209446,-0.03672545910128546
0.0005216999235779379,0.11258028726623619
0.1078465943511878,0.0675554409021053
-0.007193446345948445,0.05627964028230227
-0.03443998021995291,0.07945531436387222
0.08365286027869175,0.08493229894368265
0.035176013847879675,0.07251907170419958
0.012172861855449505,0.13358049811122508
-0.061527806823888566,0.1120829361414687
0.042796431061786794,0.13360366862816078
0.08796395250411604,0.08189095516744588
-0.09137405556314344,0.0008572812210727559
0.38685087357844955,-0.15717786534515452
0.17086099844144473,0.06423568430684147
-0.12856372335446484,0.08542981658913085
0.1281080958506555,-0.08056810425662377
0.3508501324582343,-0.21550864212716841
-0.13460008539226637,0.022467989376760308
0.03302841997020284,0.11094691367448822
0.29206466739121095,-0.07524790112270575
-0.09045541926655835,0.05333490172514165
-0.05636030110562691,0.05817188756610011
0.011379798470733,0.059475508304043356
0.21224835929315364,-0.05062991805376173
0.07977673126569244,0.17152639567951414
-0.06530033686212797,0.05948259891683113
0.03242497507084468,0.06994150190062488
0.2984270466376527,-0.13356241369731847
0.06506024503708467,0.09555538759874463
0.03978640518080712,-0.08940905206209114
0.0003593933792255201,0.16400962063969693
0.34287565946682563,-0.086415715404325
0.10625957680512742,0.1346932172714761
0.01707748333569143,0.1321367775688683
0.37087146934853943,-0.08451017665579649
0.024586401720352768,0.15841164864496424
0.08315816253865714,0.22642684815595215
0.18731375109012285,0.04520089374673281
0.005213598133246783,0.06725076729501824
-0.0031973879419986014,0.2156295547462032
-0.1653594916232076,0.03371611181727345
0.3194912780131173,-0.21925668854554306
0.3598982281276355,-0.19149207728421289
0.010966828931497126,0.056170011808038836
0.065658230154761,0.14743254504874467
-0.12618643326242232,0.062283169483952884
4.6719307551714115e-05,0.11746757366531156
-0.012101512760594122,0.11635926143470636
0.07475102659676593,0.15528327667987574
0.048197329702137456,0.12489525928597003
-0.08225632328143934,0.08011578859556072
-0.06353128348991059,0.08095668285817945
0.08181177921597477,0.1155422811978648
0.23919480091257384,-0.018380062741959965
-0.05006909109751723,0.07232649472376593
0.037219173062467345,0.07157334134978308
0.09470876794810083,0.1307503472037347
0.027057448976887073,0.21640187304038633
0.14194222204343812,0.07390770099771557
-0.03233618880189921,0.19424650944231936
-0.01235607009570796,0.08042972251929596
0.11539070743651626,0.05944214834988916
-0.05476048089943275,0.1884544961716587
0.13393623352447528,0.05847350591462098
0.064412325384414,0.09496929919390437
-0.031094781449022998,0.008494731295921895
-0.03022518081153413,0.14539009903535954
0.3598349125887047,-0.10917905299609433
0.049837343150292014,0.14408253857968772
0.05343979558655063,0.031394529814580796
0.02707470954273425,0.20136328324059746
0.13507364980491385,-0.028410868407044775
-0.03473297084819623,0.0862545975000316
0.09557406664918283,0.10814937572053847
0.00819839676942283,0.06637985374563257
-0.05328729237607586,0.15715397014870258
0.03525073397740414,0.036137710080931605
0.1269054208973801,0.1595296658595693
0.1667582390525917,0.12743622854633627
0.3726980199152297,-0.0629505336391494
0.040208250072351265,0.2036377094935841
0.08906416315845829,0.12937651638753841
0.06827738931978167,0.14819764775390526
0.019522824911272926,0.19042043553649082
0.1564614569738902,0.015566957363320352
0.05672638113125429,0.3201833953115665
0.07228649950641641,0.28104577337799574
0.013445354744972882,0.13862611797391905
0.06469356232898801,0.19064995750389882
0.22916354678395748,-0.1260059677458178
-0.15173430351628311,-0.2522126203099701
0.04520474985860019,0.02273535657583803
0.3507782546554764,-0.15104066416070652
0.1578360121267162,0.049306386044198146
-0.08890558007490099,0.03361106630254645
0.126513290840984,0.09243600554962214
0.10941231259542211,0.13276584001672534
0.11532359820810818,0.19710703112518616
0.18523777111339962,0.029595001322911953
0.10284214444356463,0.1505814190913555
-0.11864789606842309,-0.08809217387496804
-0.016864447197523533,0.064541277676992
-0.026086297288562047,0.10666728983002469
0.07565562266562995,0.06191659381255405
0.22075914004861533,-0.07441759812269566
0.35321761941481855,-0.03797507129874099
0.12872802419673063,0.2257306734153307
0.03276170492942311,0.19326440523830954
0.12687564023116674,0.19572328220053964
-0.0842650015941111,0.07851003743244982
0.15206613613341635,-0.02449304120774352
0.39333810907917705,-0.09198902959626469
0.04724752527760895,0.21796871432431864
0.07229217953161288,0.05513744647383591
-0.030684904267372533,0.08455781024694517
0.08703084451425983,0.11016806109921015
0.3849755789227997,-0.050670144540880195
-0.08389331162196197,-0.27527924830884803
0.024867364704178857,0.2824473499315356
0.13937150186019112,0.03526427713295433
0.3374911150429103,-0.08600462254634807
0.026677333985463767,0.08494631024230727
0.1628530874416466,0.07251732349045793
0.17554080810569128,-0.10906372521477252
0.32268937486033317,-0.1499615259598786
0.3370680020365512,-0.016044229519599287
0.045952909796478154,0.13005455255209583
0.38498235884926185,-0.15319654104200695
0.09868517370929855,0.08730974302338738
0.13086176427299262,0.12268514456001715
-0.015475708462783663,0.18228533779183562
0.05006666613415229,0.1974686400533404
0.1323696671106265,0.13253014737753646
0.057733164860833484,0.13676920331539952
0.024024829151478994,0.09783661979918802
0.20194373595403928,0.12369771662501712
-0.06414962061655848,0.12730634078196615
0.33446300702134857,-0.16136755251217666
0.03866453803636802,0.13552608362194077
0.1344424629419051,-0.0204296324080816
0.03911412300388129,0.2130753688717778
-0.006822429506707639,0.13940800070540482
-0.019789461124516072,0.1354866208462046
0.07714503239489111,-0.14441225817188066
-0.010071274708769113,0.18002485703711096
0.26781667324813424,-0.047026276494838454
0.018926092697399415,0.13033541429238454
0.12313011362593383,0.19274578208183177
0.2794229446334457,-0.07044597363805587
0.023401016277527307,0.06222476712808745
0.31954540099692774,-0.03869038881655265
0.053290290110821995,0.16258825784186168
0.03505568860185854,0.15248207014360418
0.08614919763321528,0.04994144337802476
0.3274734406962247,-0.10261033008708416
0.06765724190943828,0.21253645121521772
-0.05720075926314175,0.12851478733366536
-0.044255626462529236,0.11343257741304387
-0.11067367520642302,0.10445154806402797
0.24668620571708774,-0.05027844338969736
0.030594567800192776,0.19428992678456783
0.016322529229954058,0.07263434530765275
0.04227739073534013,0.15013963665521352
0.09687180377389226,0.11276246373051342
0.17771549984294158,-0.0862860553111531
0.07690114793494243,0.11162518435119853
0.17526717829219873,-0.024374156388275513
0.08070525375809959,0.17984720301771817
0.03139372981370341,0.14028279671787383
0.052665721349201486,0.018741346003695245
0.06685634838709581,0.13827056408322122
-0.04751290020284475,0.08892317975933207
0.34042326744619766,-0.1681096962256733
0.09835108922835925,0.11972061851811684
0.07277225915964819,0.023253442864051305
-0.047910239638560705,0.14519131640556054
-0.07962508872950792,0.04324636771457007
0.10556957841250572,0.16983256437546532
0.0017704811006744056,0.10552985697769199
-0.0676687670158451,-0.06982853095258172
0.07117641340963823,-0.010169325385557497
-0.015020252385690835,0.1476173420008976
0.19133437819575977,-0.003061343224864548
-0.01441129115222889,0.13146339094742535
0.14205144894130783,0.06292138599779079
0.1721035078425072,0.018635045014690297
-0.056167921575201014,0.11761904988408042
0.1865923226739568,0.013752654481980285
0.05388694717852037,0.007984680194586528
-0.1522447720655923,0.0573403999753504
0.2751355753661731,-0.08459405648947003
0.047386994437430024,0.1776246145228418
0.05291469952025392,0.10136180092633373
0.07835639224951683,0.2855197615031937
0.09985564029540778,0.14957375699222494
0.12571460321119074,0.08533266459814083
0.35678286838875756,-0.14086677677782677
0.04895143464294411,-0.09793208463742424
-0.1312414740706604,-0.036218720842773076
0.1530755170294826,0.10228691576033269
0.014935645565395228,0.11336467583084342
0.21786847053782518,-0.004915445960363485
0.35529234685939864,-0.1444198825179945
0.26569500852390904,-0.07670214360526709
-0.09381973790980831,0.05932431817834954
0.05872596036768093,0.27885162624961374
0.3987641311836662,-0.1352206061672138
0.18004361130288266,0.05281034619952483
-0.05511853185550109,0.0886812177270564
0.03580904216884965,0.12295098258650204
0.03313779054083347,-0.1505946827523507
0.08182643630590129,0.2790470614205634
0.02499227811460878,0.10857940821846776
0.22627797110137915,0.08454976575722331
0.056986577001217446,0.17972652583256454
0.0024316114847176794,0.12328032557694069
0.10955107642061292,0.11503476388588826
-0.05904498637793537,0.14337161937236007
0.07567483141357326,0.17534937876480605
0.11434393362951518,-0.10767911681562306
0.15466833745477626,-0.1736320746297395
-0.11722228811920078,0.05195128099523062
0.028371396847681474,0.1205213264032245
-0.1045062319699401,0.09654582965476219
0.3204246542011182,-0.032104623439494516
-0.013156984596535543,0.1745260484270482
0.10300609251093613,0.16348307504208076
0.08997251271439673,0.06356559759554165
0.05185363475907486,0.11297629981525338
